date,location,month,plot,trtcode,damage,quadrat,kdr_insects.tested,kdr_percent,kdr_prop_ddpcr,R,kdr_prop,alleles_screened,year,years,days,days_s,resid
2017-10-18,Tintinara,October,I1,1,5,1,11,86.85639,0.86856390000000006,0.34592978295612725,0.34592978295612725,22,2017,0,114,-0.6130139377256042,0.4849877119672271
2017-07-31,Arthur River,August,10,NA,NA,3,11,96.05,0.9605,0.5365959289735817,0.5365959289735817,22,2017,0,-1,-0.9641669335568628,0.40860572152926505
2019-07-05,Arthur River,July,3,NA,NA,1,10,77,0.77,0.4401836860294466,0.4401836860294466,20,2019,2,703,1.1855001017927551,0.3032174467419419
2017-07-31,Arthur River,August,9,NA,NA,4,4,99.78,0.9978,0.7731127485054915,0.7731127485054915,8,2017,0,-1,-0.9641669335568628,0.23711113344110624
2017-06-27,Tintinara,June,I1,1,3,1,50,58.84752,0.5884752,0.31073368314461935,0.31073368314461935,100,2017,0,1,-0.9580599249337104,0.23596976277893433
2017-07-31,Arthur River,August,9,NA,NA,2,15,98.43,0.9843000000000001,0.7974623742997908,0.7974623742997908,30,2017,0,-1,-0.9641669335568628,0.20211553706921437
2018-10-11,Arthur River,October,7,NA,NA,1,50,84.02,0.8402,0.6647491638795987,0.6647491638795987,100,2018,1,436,0.37021445060191993,0.17517337877527808
2019-07-05,Arthur River,July,1,NA,NA,1,20,74,0.74,0.5726451164407369,0.5726451164407369,40,2019,2,703,1.1855001017927551,0.15628187380877764
2018-09-22,Tintinara,September,E3,1,1,1,50,32.45,0.3245,0.10523948729480549,0.10523948729480549,100,2018,1,453,0.4221240238987147,0.15340270137087336
2018-09-22,Tintinara,September,M3,1,1,1,50,37.59,0.3759,0.1718286350148368,0.1718286350148368,100,2018,1,453,0.4221240238987147,0.14601849440892536
2017-06-27,Tintinara,June,D2,1,3,1,50,31.63786,0.3163786,0.1128994525803584,0.1128994525803584,100,2017,0,1,-0.9580599249337104,0.1385191636940185
2020-06-26,Arthur River,June,12,NA,NA,1,12,76,0.76,0.6171171171171171,0.6171171171171171,24,2020,3,1060,2.275601141025445,0.13702245419938971
2018-10-11,Arthur River,October,5,NA,NA,1,50,80.09,0.8009000000000001,0.6667411628859835,0.6667411628859835,100,2018,1,436,0.37021445060191993,0.13411486277276607
2019-09-15,Arthur River,September,10,NA,NA,1,50,82,0.82,0.6893819334389857,0.6893819334389857,100,2019,2,775,1.4053524122262389,0.1332278260327644
2017-07-31,Arthur River,August,11,NA,NA,2,5,83.77,0.8377,0.7384464110127827,0.7384464110127827,10,2017,0,-1,-0.9641669335568628,0.10761421558824576
2020-06-26,Arthur River,June,7,NA,NA,1,50,78,0.78,0.6889003791795932,0.6889003791795932,100,2020,3,1060,2.275601141025445,0.09365293712393731
2017-08-09,Tintinara,August,D2,1,2,1,50,37,0.37,0.2323482744942483,0.2323482744942483,100,2017,0,44,-0.8267592395359354,0.08669238618814065
2017-10-18,Tintinara,October,D2,1,2,1,42,36.71368,0.3671368,0.2304231922692436,0.2304231922692436,84,2017,0,114,-0.6130139377256042,0.08552862875210371
2017-06-27,Tintinara,June,D1,1,1,1,50,38.85796,0.38857959999999997,0.2571428571428571,0.2571428571428571,100,2017,0,1,-0.9580599249337104,0.08338358653360517
2018-10-11,Arthur River,October,9,NA,NA,1,2,97.91,0.9791,0.9270337119824111,0.9270337119824111,4,2018,1,436,0.37021445060191993,0.08253130793482723
2018-07-25,Arthur River,July,3,NA,0,1,50,92.25,0.9225,0.8665761737464069,0.8665761737464069,100,2018,1,358,0.13204111429897933,0.07930259382389501
2017-06-27,Tintinara,June,L2,1,2,1,23,73.89349,0.7389349,0.6617074034714843,0.6617074034714843,46,2017,0,1,-0.9580599249337104,0.0765935132238558
2017-07-31,Arthur River,August,5,NA,NA,4,10,76.9,0.769,0.7010213556174559,0.7010213556174559,20,2017,0,-1,-0.9641669335568628,0.07195266520425517
2017-09-28,Arthur River,September,7,NA,NA,2,50,87.75,0.8775,0.8255892559376268,0.8255892559376268,100,2017,0,58,-0.7840101791738692,0.07048541852881152
2019-09-15,Arthur River,September,6,NA,NA,1,30,67,0.67,0.5910295160267174,0.5910295160267174,60,2019,2,775,1.4053524122262389,0.07005231708465207
2019-07-05,Arthur River,July,4,NA,NA,1,10,69,0.69,0.6238502722738297,0.6238502722738297,20,2019,2,703,1.1855001017927551,0.06107849486380507
2017-06-27,Tintinara,June,M3,1,3,1,12,58.35671,0.5835671,0.5057319587628866,0.5057319587628866,24,2017,0,1,-0.9580599249337104,0.058919213391209806
2018-07-25,Arthur River,July,7,NA,0,1,50,82.63,0.8262999999999999,0.7812784793646661,0.7812784793646661,100,2018,1,358,0.13204111429897933,0.05840251117671742
2017-07-31,Arthur River,August,1,NA,NA,2,18,92.2,0.922,0.8907982261640798,0.8907982261640798,36,2017,0,-1,-0.9641669335568628,0.05741961790189956
2017-06-27,Tintinara,June,I3,1,2,1,24,64.87343,0.6487343,0.5851509280669959,0.5851509280669959,48,2017,0,1,-0.9580599249337104,0.05397617338774811
2017-06-27,Tintinara,June,A3,1,4,1,50,33.15861,0.33158610000000005,0.2277070784837643,0.2277070784837643,100,2017,0,1,-0.9580599249337104,0.052375685749520735
2018-09-22,Tintinara,September,N1,1,1,1,35,57.21,0.5721,0.5022832353444832,0.5022832353444832,70,2018,1,453,0.4221240238987147,0.05049661055213324
2018-06-02,Tintinara,June,D2,1,4,1,40,30.87,0.30870000000000003,0.20597947344935297,0.20597947344935297,80,2018,1,341,0.08013154100218457,0.04867048946825328
2017-10-18,Tintinara,October,I1,1,5,1,11,86.85639,0.86856390000000006,0.8415784008307373,0.8415784008307373,22,2017,0,114,-0.6130139377256042,0.04743426773265253
2017-06-27,Tintinara,June,E3,1,3,1,40,32.88254,0.3288254,0.23187124159886804,0.23187124159886804,80,2017,0,1,-0.9580599249337104,0.04593890586619376
2019-06-06,Tintinara,June,N1,1,1.5,1,50,45,0.45,0.3717575347104639,0.3717575347104639,100,2019,2,710,1.2068746319737882,0.04362334137294703
2017-07-31,Arthur River,August,8,NA,NA,2,16,94.39,0.9439,0.9318100678329169,0.9318100678329169,32,2017,0,-1,-0.9641669335568628,0.043114790672577
2017-09-28,Arthur River,September,8,NA,NA,2,11,81,0.81,0.7811691670977755,0.7811691670977755,22,2017,0,58,-0.7840101791738692,0.04219901090888704
2018-10-11,Arthur River,October,3,NA,NA,1,36,80.26,0.8026000000000001,0.7732194151874494,0.7732194151874494,72,2018,1,436,0.37021445060191993,0.04181696920379662
2018-06-02,Tintinara,June,A3,1,4,1,40,17.16,0.1716,0.05904264428840555,0.05904264428840555,80,2018,1,341,0.08013154100218457,0.04128479384778184
2017-07-31,Arthur River,August,6,NA,NA,1,7,98.18,0.9818000000000001,0.977036561898653,0.977036561898653,14,2017,0,-1,-0.9641669335568628,0.04108931214713597
2017-07-31,Arthur River,August,1,NA,NA,4,6,94.62,0.9462,0.9371927042030135,0.9371927042030135,12,2017,0,-1,-0.9641669335568628,0.040663055274025306
2017-09-28,Arthur River,September,10,NA,NA,1,19,97.27,0.9727,0.9672394554786878,0.9672394554786878,38,2017,0,58,-0.7840101791738692,0.040638095787389784
2017-09-28,Arthur River,September,8,NA,NA,1,38,97.51,0.9751000000000001,0.9708265802269044,0.9708265802269044,76,2017,0,58,-0.7840101791738692,0.03987141937212684
2017-07-31,Arthur River,August,1,NA,NA,4,6,94.62,0.9462,0.9381107491856677,0.9381107491856677,12,2017,0,-1,-0.9641669335568628,0.039852614712634994
2017-09-28,Arthur River,September,3,NA,NA,2,32,86.76,0.8676,0.849738436123348,0.849738436123348,64,2017,0,58,-0.7840101791738692,0.03926677345518246
2017-09-28,Arthur River,September,6,NA,NA,2,13,98.89,0.9889,0.987219805955169,0.987219805955169,26,2017,0,58,-0.7840101791738692,0.039199650217851316
2019-07-05,Arthur River,July,9,NA,NA,1,10,100,1,1,1,20,2019,2,703,1.1855001017927551,0.03901742785177044
2017-07-31,Arthur River,August,9,NA,NA,1,3,99.99,0.9998999999999999,1,1,6,2017,0,-1,-0.9641669335568628,0.03891742785177034
2017-07-31,Arthur River,August,11,NA,NA,3,5,99.96,0.9995999999999999,1,1,10,2017,0,-1,-0.9641669335568628,0.03861742785177037
2017-07-31,Arthur River,August,3,NA,NA,1,9,99.92,0.9992,1,1,18,2017,0,-1,-0.9641669335568628,0.038217427851770416
2017-09-28,Arthur River,September,4,NA,NA,2,24,97.12,0.9712000000000001,0.9682828000558893,0.9682828000558893,48,2017,0,58,-0.7840101791738692,0.03821704204727133
2017-09-28,Arthur River,September,1,NA,NA,2,19,95.95,0.9595,0.9556426557047942,0.9556426557047942,38,2017,0,58,-0.7840101791738692,0.037675630000487424
2017-07-31,Arthur River,August,5,NA,NA,1,13,98.7,0.987,0.9868415485508779,0.9868415485508779,26,2017,0,-1,-0.9641669335568628,0.03763357191981132
2017-09-28,Arthur River,September,4,NA,NA,1,8,97.44,0.9743999999999999,0.9728119396077978,0.9728119396077978,16,2017,0,58,-0.7840101791738692,0.03741876476193449
2017-06-27,Tintinara,June,G3,1,2,1,27,35.9781,0.35978099999999996,0.27667260729251963,0.27667260729251963,54,2017,0,1,-0.9580599249337104,0.03734432624553928
2020-06-26,Arthur River,June,12,NA,NA,1,12,76,0.76,0.7300421596627227,0.7300421596627227,24,2020,3,1060,2.275601141025445,0.037333401260951804
2017-07-31,Arthur River,August,6,NA,NA,3,17,99.82,0.9982,1,1,34,2017,0,-1,-0.9641669335568628,0.037217427851770415
2017-07-31,Arthur River,August,7,NA,NA,2,12,99.81,0.9981,1,1,24,2017,0,-1,-0.9641669335568628,0.037117427851770426
2018-06-02,Tintinara,June,I1,1,3,1,44,51.09,0.5109,0.44813336463958675,0.44813336463958675,88,2018,1,341,0.08013154100218457,0.03709955315567401
2019-06-06,Tintinara,June,D1,1,3,1,50,37,0.37,0.2888972102602509,0.2888972102602509,100,2019,2,710,1.2068746319737882,0.03677157390318901
2017-09-28,Arthur River,September,3,NA,NA,1,11,99.76,0.9976,1,1,22,2017,0,58,-0.7840101791738692,0.03661742785177048
2017-07-31,Arthur River,August,1,NA,NA,3,20,97.24,0.9723999999999999,0.9716234476545911,0.9716234476545911,40,2017,0,-1,-0.9641669335568628,0.03646795309580012
2017-09-28,Arthur River,September,5,NA,NA,1,36,97.15,0.9715,0.9711316397228638,0.9711316397228638,72,2017,0,58,-0.7840101791738692,0.036002116022253956
2020-06-26,Arthur River,June,5,NA,NA,1,27,92,0.92,0.9135931558935361,0.9135931558935361,54,2020,3,1060,2.275601141025445,0.03529649104445325
2018-09-22,Tintinara,September,I1,1,1,1,50,37.37,0.3737,0.2977929168027624,0.2977929168027624,100,2018,1,453,0.4221240238987147,0.032618536698592916
2017-07-31,Arthur River,August,7,NA,NA,4,17,97.99,0.9799,0.9846153846153847,0.9846153846153847,34,2017,0,-1,-0.9641669335568628,0.032498806286009596
2017-09-28,Arthur River,September,6,NA,NA,1,31,91.96,0.9196,0.9166178861788618,0.9166178861788618,62,2017,0,58,-0.7840101791738692,0.03222629061112988
2018-07-25,Arthur River,July,11,NA,0,1,50,91.52,0.9152,0.9142174605472709,0.9142174605472709,100,2018,1,358,0.13204111429897933,0.029945361390012297
2017-07-31,Arthur River,August,1,NA,NA,1,22,86.54,0.8654000000000001,0.8579624373452504,0.8579624373452504,44,2017,0,-1,-0.9641669335568628,0.02980671072069291
2017-07-31,Arthur River,August,3,NA,NA,3,4,99.05,0.9904999999999999,1,1,8,2017,0,-1,-0.9641669335568628,0.02951742785177038
2020-06-26,Arthur River,June,9,NA,NA,1,44,77,0.77,0.7508609495850506,0.7508609495850506,88,2020,3,1060,2.275601141025445,0.02895479006987794
2017-07-31,Arthur River,August,6,NA,NA,4,21,94.1,0.941,0.9448342275416151,0.9448342275416151,42,2017,0,-1,-0.9641669335568628,0.02871719795610996
2018-07-25,Arthur River,July,12,NA,1,1,50,94.38,0.9438,0.9484508185631173,0.9484508185631173,100,2018,1,358,0.13204111429897933,0.028324509021291945
2017-09-28,Arthur River,September,7,NA,NA,1,30,93.21,0.9320999999999999,0.937614149764491,0.937614149764491,60,2017,0,58,-0.7840101791738692,0.026191007516134554
2019-09-15,Arthur River,September,11,NA,NA,1,40,71,0.71,0.6863933641729143,0.6863933641729143,80,2019,2,775,1.4053524122262389,0.02586610389442876
2017-09-28,Arthur River,September,10,NA,NA,2,29,92.55,0.9255,0.930786384482686,0.930786384482686,58,2017,0,58,-0.7840101791738692,0.02561848768603754
2017-10-18,Tintinara,October,D1,1,2,1,26,42.1595,0.421595,0.360610095630069,0.360610095630069,52,2017,0,114,-0.6130139377256042,0.025059184639972587
2017-09-28,Arthur River,September,1,NA,NA,1,48,92.4,0.924,0.9308876514903374,0.9308876514903374,96,2017,0,58,-0.7840101791738692,0.02402909022503954
2020-06-26,Arthur River,June,1,NA,NA,1,27,91,0.91,0.9151589844712842,0.9151589844712842,54,2020,3,1060,2.275601141025445,0.0239141938634129
2017-06-27,Tintinara,June,C2,1,4,1,50,32.04939,0.3204939,0.24753089364950617,0.24753089364950617,100,2017,0,1,-0.9580599249337104,0.02378322792405547
2017-09-28,Arthur River,September,12,NA,NA,1,30,64.81,0.6481,0.6193431600724075,0.6193431600724075,60,2017,0,58,-0.7840101791738692,0.02315732663325609
2017-06-27,Tintinara,June,N1,1,3,1,15,43.34252,0.4334252,0.3772161609273781,0.3772161609273781,30,2017,0,1,-0.9580599249337104,0.022229722928053926
2017-07-31,Arthur River,August,11,NA,NA,4,13,93.22,0.9322,0.9424502329521389,0.9424502329521389,26,2017,0,-1,-0.9641669335568628,0.02202176358192558
2019-09-15,Arthur River,September,9,NA,NA,1,10,69,0.69,0.6684598292597357,0.6684598292597357,20,2019,2,775,1.4053524122262389,0.021697641975197517
2018-09-22,Tintinara,September,G3,1,1,1,50,33.54,0.3354,0.266900956051846,0.266900956051846,100,2018,1,453,0.4221240238987147,0.02158963831829374
2017-07-31,Arthur River,August,7,NA,NA,1,10,93.07,0.9307,0.9417860207247046,0.9417860207247046,20,2017,0,-1,-0.9641669335568628,0.021108123227318736
2019-07-05,Arthur River,July,7,NA,NA,1,10,78,0.78,0.7716800414185866,0.7716800414185866,20,2019,2,703,1.1855001017927551,0.0205759123547299
2017-09-28,Arthur River,September,9,NA,NA,1,37,90.14,0.9014,0.9097773626031449,0.9097773626031449,74,2017,0,58,-0.7840101791738692,0.020065033670189334
2020-06-26,Arthur River,June,3,NA,NA,1,15,88,0.88,0.8861952522554307,0.8861952522554307,30,2020,3,1060,2.275601141025445,0.01948307538935846
2017-09-28,Arthur River,September,2,NA,NA,2,40,83.48,0.8348,0.8353574385868066,0.8353574385868066,80,2017,0,58,-0.7840101791738692,0.019162168492548388
2020-06-26,Arthur River,June,4,NA,NA,1,24,81,0.81,0.8077286917037177,0.8077286917037177,48,2020,3,1060,2.275601141025445,0.018752538852945762
2020-06-26,Arthur River,June,11,NA,NA,1,33,76,0.76,0.7513821700069109,0.7513821700069109,66,2020,3,1060,2.275601141025445,0.018494662103076893
2017-09-28,Arthur River,September,11,NA,NA,2,12,94.31,0.9431,0.9591378841446832,0.9591378841446832,24,2017,0,58,-0.7840101791738692,0.01819007869033141
2018-10-11,Arthur River,October,10,NA,NA,1,39,78,0.78,0.77513266874969,0.77513266874969,78,2018,1,436,0.37021445060191993,0.017527968860282593
2019-09-15,Arthur River,September,4,NA,NA,1,50,84,0.84,0.8438758039887094,0.8438758039887094,100,2019,2,775,1.4053524122262389,0.016842244121864126
2020-06-26,Arthur River,June,6,NA,NA,1,48,74,0.74,0.7308246828143022,0.7308246828143022,96,2020,3,1060,2.275601141025445,0.016642597962366674
2017-07-31,Arthur River,August,4,NA,NA,1,4,97.73,0.9773000000000001,1,1,8,2017,0,-1,-0.9641669335568628,0.0163174278517705
2018-09-22,Tintinara,September,I3,1,2,1,50,42.92,0.4292,0.3800137588610056,0.3800137588610056,100,2018,1,453,0.4221240238987147,0.015534832572230319
2019-09-15,Arthur River,September,8,NA,NA,1,30,69,0.69,0.6763080434913198,0.6763080434913198,60,2019,2,775,1.4053524122262389,0.014769320086909357
2018-10-11,Arthur River,October,2,NA,NA,1,41,82.73,0.8273,0.8320417401979591,0.8320417401979591,82,2018,1,436,0.37021445060191993,0.014589232541076205
2017-09-28,Arthur River,September,9,NA,NA,2,33,91.77,0.9177,0.93447695930037,0.93447695930037,66,2017,0,58,-0.7840101791738692,0.01456048662551294
2019-06-06,Tintinara,June,I3,1,1.5,1,50,33,0.33,0.2695852534562212,0.2695852534562212,100,2019,2,710,1.2068746319737882,0.013819968491167525
2017-08-09,Tintinara,August,G3,1,4,1,50,36,0.36,0.30382420347818273,0.30382420347818273,100,2017,0,44,-0.8267592395359354,0.013594179557615514
2018-07-25,Arthur River,July,5,NA,0,1,50,97.45,0.9745,1,1,100,2018,1,358,0.13204111429897933,0.013517427851770474
2018-07-25,Arthur River,July,10,NA,0,1,50,81.14,0.8114,0.8166337235821803,0.8166337235821803,100,2018,1,358,0.13204111429897933,0.012291269338772032
2017-07-31,Arthur River,August,1,NA,NA,3,20,97.24,0.9723999999999999,1,1,40,2017,0,-1,-0.9641669335568628,0.011417427851770372
2019-09-07,Tintinara,September,N1,1,0.5,1,50,49,0.49,0.4539178664149162,0.4539178664149162,100,2019,2,803,1.4908505329503714,0.011093055157495915
2018-09-22,Tintinara,September,A3,1,1,1,16,17.66,0.1766,0.09918665766215462,0.09918665766215462,32,2018,1,453,0.4221240238987147,0.01084607641040894
2019-09-07,Tintinara,September,D2,1,0.5,1,50,37,0.37,0.31848993122557023,0.31848993122557023,100,2019,2,803,1.4908505329503714,0.01064742765181404
2020-06-26,Arthur River,June,10,NA,NA,1,15,83,0.83,0.8396756387084168,0.8396756387084168,30,2020,3,1060,2.275601141025445,0.010550106342134567
2017-07-31,Arthur River,August,2,NA,NA,4,1,77.28,0.7728,0.7752229654403567,0.7752229654403567,2,2017,0,-1,-0.9641669335568628,0.010248255881007827
2018-06-02,Tintinara,June,M3,1,2,1,44,43.31,0.43310000000000004,0.39061754887935146,0.39061754887935146,88,2018,1,341,0.08013154100218457,0.010073917042266718
2017-06-27,Tintinara,June,K1,1,3,1,50,37.97214,0.37972140000000004,0.3312077043206663,0.3312077043206663,100,2017,0,1,-0.9580599249337104,0.009141709850870552
2017-10-18,Tintinara,October,C2,1,1,1,43,40.46839,0.4046839,0.36148444403106544,0.36148444403106544,86,2017,0,114,-0.6130139377256042,0.007376218966347804
2017-10-18,Tintinara,October,D1,1,2,1,26,42.1595,0.421595,0.38110525108919974,0.38110525108919974,52,2017,0,114,-0.6130139377256042,0.006966274586636464
2019-09-15,Arthur River,September,5,NA,NA,1,30,81,0.81,0.821871921182266,0.821871921182266,60,2019,2,775,1.4053524122262389,0.006267042983966401
2017-09-28,Arthur River,September,12,NA,NA,2,18,73.3,0.733,0.73470715835141,0.73470715835141,36,2017,0,58,-0.7840101791738692,0.006215188942842823
2019-09-15,Arthur River,September,12,NA,NA,1,40,70,0.7,0.6984262419416003,0.6984262419416003,80,2019,2,775,1.4053524122262389,0.005243604563513321
2017-10-18,Tintinara,October,D2,1,2,1,42,36.71368,0.3671368,0.32193372398464337,0.32193372398464337,84,2017,0,114,-0.6130139377256042,0.004744083225659817
2018-09-22,Tintinara,September,D1,1,1,1,42,39,0.39,0.3486002496370074,0.3486002496370074,84,2018,1,453,0.4221240238987147,0.004066351758938157
2018-06-02,Tintinara,June,I3,1,4,1,46,40.15,0.40149999999999997,0.36217877343784793,0.36217877343784793,92,2018,1,341,0.08013154100218457,0.003579372188298078
2019-09-15,Arthur River,September,2,NA,NA,1,30,77,0.77,0.7804270288757512,0.7804270288757512,60,2019,2,775,1.4053524122262389,0.00285416281173563
2019-09-15,Arthur River,September,3,NA,NA,1,40,67,0.67,0.6683163316836683,0.6683163316836683,80,2019,2,775,1.4053524122262389,0.0018243201427204476
2020-06-26,Arthur River,June,2,NA,NA,1,22,66,0.66,0.6579358874120407,0.6579358874120407,44,2020,3,1060,2.275601141025445,9.880683706732856e-4
2019-09-15,Arthur River,September,1,NA,NA,1,30,80,0.8,0.817179205564708,0.817179205564708,60,2019,2,775,1.4053524122262389,4.097235185771817e-4
2017-09-28,Arthur River,September,11,NA,NA,1,11,80.45,0.8045,0.8229879233172874,0.8229879233172874,22,2017,0,58,-0.7840101791738692,-2.1815209242803777e-4
2017-07-31,Arthur River,August,4,NA,NA,4,10,80.62,0.8062,0.8251889954017614,0.8251889954017614,20,2017,0,-1,-0.9641669335568628,-4.6123563354624904e-4
2019-06-06,Tintinara,June,M3,1,2.5,1,50,37,0.37,0.3328679408791103,0.3328679408791103,100,2019,2,710,1.2068746319737882,-0.002045329713517646
2018-10-11,Arthur River,October,8,NA,NA,1,35,87.13,0.8713,0.9008672248803827,0.9008672248803827,70,2018,1,436,0.37021445060191993,-0.002169189429399174
2017-10-18,Tintinara,October,L2,1,3,1,18,46.40373,0.46403730000000004,0.4398622230497114,0.4398622230497114,36,2017,0,114,-0.6130139377256042,-0.0024614690833333077
2019-06-06,Tintinara,June,L2,1,1.5,1,50,46,0.46,0.435830550918197,0.435830550918197,100,2019,2,710,1.2068746319737882,-0.0029396508621766016
2020-06-26,Arthur River,June,8,NA,NA,1,13,60,0.6,0.5944195316392625,0.5944195316392625,26,2020,3,1060,2.275601141025445,-0.002940353435925061
2019-07-05,Arthur River,July,12,NA,NA,1,20,85,0.85,0.8781848954759618,0.8781848954759618,40,2019,2,703,1.1855001017927551,-0.003445464967650876
2018-07-25,Arthur River,July,8,NA,0,1,50,89.13,0.8913,0.9256650561732348,0.9256650561732348,100,2018,1,358,0.13204111429897933,-0.004060456953280919
2017-07-31,Arthur River,August,12,NA,NA,3,11,95.62,0.9562,1,1,22,2017,0,-1,-0.9641669335568628,-0.004782572148229508
2018-10-11,Arthur River,October,11,NA,NA,1,45,79.92,0.7992,0.8229979826331023,0.8229979826331023,90,2018,1,436,0.37021445060191993,-0.0055270323517946475
2018-07-25,Arthur River,July,9,NA,0,1,28,76.17,0.7617,0.780874653526332,0.780874653526332,56,2018,1,358,0.13204111429897933,-0.005840995573706406
2019-09-07,Tintinara,September,E3,1,2,1,50,21,0.21,0.15633954996006952,0.15633954996006952,100,2019,2,803,1.4908505329503714,-0.006207902418695355
2017-10-18,Tintinara,October,I3,1,1,1,25,22.83813,0.2283813,0.1774084886593308,0.1774084886593308,50,2017,0,114,-0.6130139377256042,-0.0064260423480548565
2017-07-31,Arthur River,August,3,NA,NA,4,2,95.38,0.9538,1,1,4,2017,0,-1,-0.9641669335568628,-0.007182572148229577
2017-09-28,Arthur River,September,5,NA,NA,2,16,87.69,0.8769,0.917837548507962,0.917837548507962,32,2017,0,58,-0.7840101791738692,-0.011550414606347268
2017-08-09,Tintinara,August,I3,1,2,1,50,42,0.42,0.40040881217351804,0.40040881217351804,100,2017,0,44,-0.8267592395359354,-0.011669708347311195
2019-09-07,Tintinara,September,I1,1,0.5,1,50,38,0.38,0.3562113932738504,0.3562113932738504,100,2019,2,803,1.4908505329503714,-0.012652686674267371
2018-07-25,Arthur River,July,6,NA,1,1,40,92.87,0.9287000000000001,0.9777987375752739,0.9777987375752739,80,2018,1,358,0.13204111429897933,-0.012683528612205567
2017-10-18,Tintinara,October,G3,1,1,1,10,36.24517,0.36245170000000004,0.3365108383389919,0.3365108383389919,20,2017,0,114,-0.6130139377256042,-0.012809541698503336
2017-09-18,Tintinara,September,E3,1,3,1,50,33,0.33,0.3001315212626041,0.3001315212626041,100,2017,0,84,-0.704619067072889,-0.013145958992919201
2019-06-06,Tintinara,June,D2,1,3,1,50,43,0.43,0.41369180094364816,0.41369180094364816,100,2019,2,710,1.2068746319737882,-0.013395792666928807
2018-09-22,Tintinara,September,D2,1,1,1,50,32.37,0.3237,0.29333333333333333,0.29333333333333333,100,2018,1,453,0.4221240238987147,-0.013444589402176535
2017-10-18,Tintinara,October,C2,1,1,1,43,40.46839,0.4046839,0.38578548051175243,0.38578548051175243,86,2017,0,114,-0.6130139377256042,-0.014076483264902236
2017-07-31,Arthur River,August,5,NA,NA,3,22,88.9,0.889,0.9346262405535828,0.9346262405535828,44,2017,0,-1,-0.9641669335568628,-0.014271297312033332
2018-09-22,Tintinara,September,C2,1,0,1,35,65.39,0.6539,0.668416109607204,0.668416109607204,70,2018,1,453,0.4221240238987147,-0.014363762770309374
2019-09-15,Arthur River,September,7,NA,NA,1,40,75,0.75,0.7777108712770392,0.7777108712770392,80,2019,2,775,1.4053524122262389,-0.014748041512980127
2019-06-06,Tintinara,June,K1,1,3,1,50,40,0.4,0.3824648637678218,0.3824648637678218,100,2019,2,710,1.2068746319737882,-0.015828977343666645
2018-07-25,Arthur River,July,2,NA,0,1,50,84.17,0.8417,0.8834449915247397,0.8834449915247397,100,2018,1,358,0.13204111429897933,-0.01638902304517925
2017-10-18,Tintinara,October,K1,1,2,1,43,39.97849,0.3997849,0.3831931325543338,0.3831931325543338,86,2017,0,114,-0.6130139377256042,-0.016686985453111796
2019-07-05,Arthur River,July,2,NA,NA,1,20,86,0.86,0.9048713235294118,0.9048713235294118,40,2019,2,703,1.1855001017927551,-0.017003966067030966
2019-09-07,Tintinara,September,D1,1,0.5,1,30,31,0.31,0.28292638233542533,0.28292638233542533,60,2019,2,803,1.4908505329503714,-0.01795744131198034
2018-10-11,Arthur River,October,6,NA,NA,1,37,75.26,0.7526,0.7845843672456576,0.7845843672456576,74,2018,1,436,0.37021445060191993,-0.01821589225752164
2018-06-02,Tintinara,June,C2,1,2,1,30,27.9,0.27899999999999997,0.24828795724068817,0.24828795724068817,60,2018,1,341,0.08013154100218457,-0.018378999939431654
2019-07-05,Arthur River,July,11,NA,NA,1,20,77,0.77,0.8047693336304881,0.8047693336304881,40,2019,2,703,1.1855001017927551,-0.018634970622582337
2017-07-31,Arthur River,August,6,NA,NA,2,4,84.96,0.8495999999999999,0.8963306506615741,0.8963306506615741,8,2017,0,-1,-0.9641669335568628,-0.019864348897456793
2019-07-05,Arthur River,July,5,NA,NA,1,10,77,0.77,0.806482899438489,0.806482899438489,20,2019,2,703,1.1855001017927551,-0.020147688693760536
2017-09-18,Tintinara,September,G3,1,8,1,50,31,0.31,0.28591485734342875,0.28591485734342875,100,2017,0,84,-0.704619067072889,-0.020595635963602792
2019-09-07,Tintinara,September,A3,1,0.5,1,50,22,0.22,0.18409477156852944,0.18409477156852944,100,2019,2,803,1.4908505329503714,-0.020709923351088663
2017-08-09,Tintinara,August,L2,1,2,1,50,52,0.52,0.524211815120906,0.524211815120906,100,2017,0,44,-0.8267592395359354,-0.020961711578351954
2019-06-06,Tintinara,June,C2,1,2,1,50,28,0.28,0.2524550773088174,0.2524550773088174,100,2019,2,710,1.2068746319737882,-0.021057690190133024
2019-09-07,Tintinara,September,K1,1,0.5,1,50,27,0.27,0.24121195627523018,0.24121195627523018,100,2019,2,803,1.4908505329503714,-0.021132379890091365
2019-06-06,Tintinara,June,G3,1,2,1,50,33,0.33,0.3093672179298895,0.3093672179298895,100,2019,2,710,1.2068746319737882,-0.021299135943165116
2019-09-07,Tintinara,September,M3,1,0.5,1,40,33,0.33,0.3097337735612488,0.3097337735612488,80,2019,2,803,1.4908505329503714,-0.021622727441700084
2018-06-02,Tintinara,June,K1,1,3,1,50,34.22,0.3422,0.3238819367442843,0.3238819367442843,100,2018,1,341,0.08013154100218457,-0.021912578733681447
2017-08-09,Tintinara,August,D1,1,3,1,50,49,0.49,0.49357185147593674,0.49357185147593674,100,2017,0,44,-0.8267592395359354,-0.02391307038256423
2017-08-09,Tintinara,August,A3,1,2,1,50,41,0.41,0.4032349726775956,0.4032349726775956,100,2017,0,44,-0.8267592395359354,-0.02416461344322678
2018-06-02,Tintinara,June,E3,1,2,1,38,32.02,0.32020000000000004,0.3015278805554346,0.3015278805554346,76,2018,1,341,0.08013154100218457,-0.02417865045201552
2020-06-06,Tintinara,June,M3,1,0.5,1,50,36,0.36,0.3486573047548657,0.3486573047548657,100,2020,3,1076,2.3244572100106633,-0.02598401590563274
2017-07-31,Arthur River,August,2,NA,NA,3,11,90.62,0.9062,0.9683570256971022,0.9683570256971022,22,2017,0,-1,-0.9641669335568628,-0.026848483576713118
2018-10-11,Arthur River,October,4,NA,NA,1,50,73.94,0.7394,0.7800695432274379,0.7800695432274379,100,2018,1,436,0.37021445060191993,-0.02743025257641854
2017-08-09,Tintinara,August,M3,1,2,1,50,43,0.43,0.42963322626428624,0.42963322626428624,100,2017,0,44,-0.8267592395359354,-0.027468717120877468
2019-07-05,Arthur River,July,6,NA,NA,1,10,87,0.87,0.9288387451843698,0.9288387451843698,20,2019,2,703,1.1855001017927551,-0.02816215660031363
2017-07-31,Arthur River,August,7,NA,NA,3,11,77.4,0.774,0.8206944296517201,0.8206944296517201,22,2017,0,-1,-0.9641669335568628,-0.02869347974086901
2017-08-09,Tintinara,August,N1,1,2,1,50,40,0.4,0.3970458703164171,0.3970458703164171,100,2017,0,44,-0.8267592395359354,-0.02870093825642515
2017-07-31,Arthur River,August,1,NA,NA,2,18,92.2,0.922,0.9888361911711054,0.9888361911711054,36,2017,0,-1,-0.9641669335568628,-0.029127277837502862
2017-09-18,Tintinara,September,I1,1,3,1,50,54,0.54,0.5571173259914022,0.5571173259914022,100,2017,0,84,-0.704619067072889,-0.030010354299123642
2017-10-18,Tintinara,October,A3,1,1,1,49,17.74102,0.1774102,0.1474799753542822,0.1474799753542822,98,2017,0,114,-0.6130139377256042,-0.030976562112003083
2018-06-02,Tintinara,June,D1,1,2,1,39,21.53,0.21530000000000002,0.1904077600143704,0.1904077600143704,78,2018,1,341,0.08013154100218457,-0.03098296388479516
2017-09-18,Tintinara,September,N1,1,3,1,36,33,0.33,0.32043301759133963,0.32043301759133963,72,2017,0,84,-0.704619067072889,-0.03106790878034105
2017-07-31,Arthur River,August,5,NA,NA,2,27,72.06,0.7206,0.7629055813067497,0.7629055813067497,54,2017,0,-1,-0.9641669335568628,-0.03107808552849552
2019-09-07,Tintinara,September,L2,1,0.5,1,50,19,0.19,0.16189790654429848,0.16189790654429848,100,2019,2,803,1.4908505329503714,-0.03111476179448115
2017-08-09,Tintinara,August,K1,1,2,1,50,40,0.4,0.4001964373409527,0.4001964373409527,100,2017,0,44,-0.8267592395359354,-0.031482226054197614
2017-09-18,Tintinara,September,K1,1,1,1,50,53,0.53,0.5479351707719073,0.5479351707719073,100,2017,0,84,-0.704619067072889,-0.03190444318206119
2019-06-06,Tintinara,June,I1,1,2,1,50,36,0.36,0.35754074685372395,0.35754074685372395,100,2019,2,710,1.2068746319737882,-0.03382622618694368
2018-06-02,Tintinara,June,N1,1,1,1,43,52.19,0.5219,0.5415430267062314,0.5415430267062314,86,2018,1,341,0.08013154100218457,-0.03436152489052334
2017-09-18,Tintinara,September,L2,1,2,1,50,42,0.42,0.42626728110599077,0.42626728110599077,100,2017,0,84,-0.704619067072889,-0.03449729574693659
2017-09-18,Tintinara,September,D2,1,2,1,50,34,0.34,0.335967714814192,0.335967714814192,100,2017,0,84,-0.704619067072889,-0.034781777900258395
2019-07-05,Arthur River,July,8,NA,NA,1,15,76,0.76,0.8119378577269011,0.8119378577269011,30,2019,2,703,1.1855001017927551,-0.03496326912952492
2017-08-09,Tintinara,August,I1,1,2,1,50,48,0.48,0.4951843523272095,0.4951843523272095,100,2017,0,44,-0.8267592395359354,-0.035336569361197646
2020-06-06,Tintinara,June,I3,1,0.5,1,50,38,0.38,0.3835769208193931,0.3835769208193931,100,2020,3,1076,2.3244572100106633,-0.03681068974142716
2017-07-31,Arthur River,August,2,NA,NA,2,8,74.13,0.7413,0.7943664043539016,0.7943664043539016,16,2017,0,-1,-0.9641669335568628,-0.03815137286613584
2017-09-18,Tintinara,September,M3,1,1,1,50,54,0.54,0.5667173430008187,0.5667173430008187,100,2017,0,84,-0.704619067072889,-0.03848514945782483
2017-08-09,Tintinara,August,C2,1,3,1,50,31,0.31,0.3065844840870029,0.3065844840870029,100,2017,0,44,-0.8267592395359354,-0.03884256745203461
2018-06-02,Tintinara,June,G3,1,0,1,38,26.44,0.2644,0.256193876447041,0.256193876447041,76,2018,1,341,0.08013154100218457,-0.03995826317921146
2017-07-31,Arthur River,August,2,NA,NA,2,8,74.13,0.7413,0.7976243128830479,0.7976243128830479,16,2017,0,-1,-0.9641669335568628,-0.04102742062763647
2017-07-31,Arthur River,August,12,NA,NA,1,7,17.03,0.1703,0.1510198034470838,0.1510198034470838,14,2017,0,-1,-0.9641669335568628,-0.041211685531834935
2019-06-06,Tintinara,June,A3,1,2,1,50,26,0.26,0.25282824015396893,0.25282824015396893,100,2019,2,710,1.2068746319737882,-0.04138711446827707
2017-08-09,Tintinara,August,E3,1,2,1,50,27,0.27,0.265195857721747,0.265195857721747,100,2017,0,44,-0.8267592395359354,-0.04230511861194306
2019-09-07,Tintinara,September,C2,1,0.5,1,50,26,0.26,0.2543324212446503,0.2543324212446503,100,2019,2,803,1.4908505329503714,-0.04271498988897809
2017-09-18,Tintinara,September,I3,1,2,1,50,27,0.27,0.26945859740690115,0.26945859740690115,100,2017,0,84,-0.704619067072889,-0.04606822086594036
2020-06-06,Tintinara,June,D2,1,0.5,1,50,24,0.24,0.23590633130962707,0.23590633130962707,100,2020,3,1076,2.3244572100106633,-0.04644862935837119
2020-06-06,Tintinara,June,N1,1,0.5,1,50,21,0.21,0.20275132275132274,0.20275132275132274,100,2020,3,1076,2.3244572100106633,-0.04717973267402112
2020-06-06,Tintinara,June,K1,1,0.5,1,50,29,0.29,0.2934082121156325,0.2934082121156325,100,2020,3,1076,2.3244572100106633,-0.047210691612318036
2017-10-18,Tintinara,October,E3,1,4,1,18,25.11246,0.2511246,0.2509619857076409,0.2509619857076409,36,2017,0,114,-0.6130139377256042,-0.0486150044554165
2017-09-18,Tintinara,September,C2,1,2,1,50,37,0.37,0.3862929271978429,0.3862929271978429,100,2017,0,84,-0.704619067072889,-0.049208351921036925
2017-07-31,Arthur River,August,3,NA,NA,2,6,60.6,0.606,0.657764460656592,0.657764460656592,12,2017,0,-1,-0.9641669335568628,-0.05286059787275911
2020-06-06,Tintinara,June,C2,1,0.5,1,50,28,0.28,0.2901806755695208,0.2901806755695208,100,2020,3,1076,2.3244572100106633,-0.05436145592151779
2019-09-07,Tintinara,September,I3,1,0.5,1,50,19,0.19,0.1884779176037131,0.1884779176037131,100,2019,2,803,1.4908505329503714,-0.0545793190784524
2020-06-06,Tintinara,June,G3,1,0.5,1,50,20,0.2,0.2018970189701897,0.2018970189701897,100,2020,3,1076,2.3244572100106633,-0.05642556218231211
2020-06-06,Tintinara,June,L2,1,0.5,1,50,22,0.22,0.22501026272577998,0.22501026272577998,100,2020,3,1076,2.3244572100106633,-0.05682969335099882
2020-06-06,Tintinara,June,D1,1,1,1,50,28,0.28,0.2936126373626374,0.2936126373626374,100,2020,3,1076,2.3244572100106633,-0.05739115609398857
2020-06-06,Tintinara,June,I1,1,0.5,1,50,28,0.28,0.29374037968188815,0.29374037968188815,100,2020,3,1076,2.3244572100106633,-0.057503925684676355
2017-07-31,Arthur River,August,11,NA,NA,1,10,11.52,0.1152,0.10899305904838548,0.10899305904838548,20,2017,0,-1,-0.9641669335568628,-0.059210912729380255
2020-06-06,Tintinara,June,A3,1,0.5,1,50,19,0.19,0.19686713286713287,0.19686713286713287,100,2020,3,1076,2.3244572100106633,-0.061985231050274335
2017-09-18,Tintinara,September,D1,1,2,1,50,27,0.27,0.28910690976462167,0.28910690976462167,100,2017,0,84,-0.704619067072889,-0.06341354663802257
2017-07-31,Arthur River,August,8,NA,NA,4,11,63.74,0.6374,0.7056792018419032,0.7056792018419032,22,2017,0,-1,-0.9641669335568628,-0.06375923299282112
2020-06-06,Tintinara,June,E3,1,0.5,1,50,11,0.11,0.11752846299810246,0.11752846299810246,100,2020,3,1076,2.3244572100106633,-0.07194587855284376
2017-07-31,Arthur River,August,10,NA,NA,1,4,49.41,0.4941,0.5567286564124552,0.5567286564124552,8,2017,0,-1,-0.9641669335568628,-0.07556724083768257
2017-07-31,Arthur River,August,2,NA,NA,1,11,52.92,0.5292,0.5996551228624802,0.5996551228624802,22,2017,0,-1,-0.9641669335568628,-0.07836227890834259
2017-09-18,Tintinara,September,A3,1,2,1,50,7,0.07,0.08246495239523202,0.08246495239523202,100,2017,0,84,-0.704619067072889,-0.0809921761153585
2017-07-31,Arthur River,August,2,NA,NA,1,11,52.92,0.5292,0.6123238665401183,0.6123238665401183,22,2017,0,-1,-0.9641669335568628,-0.08954611404954711
2018-10-11,Arthur River,October,12,NA,NA,1,50,60.4,0.604,0.6994077711974578,0.6994077711974578,100,2018,1,436,0.37021445060191993,-0.0916228792539117
2017-10-18,Tintinara,October,K1,1,2,1,43,39.97849,0.3997849,0.4684733140256516,0.4684733140256516,86,2017,0,114,-0.6130139377256042,-0.09197144259077819
2017-07-31,Arthur River,August,4,NA,NA,2,11,8.17,0.0817,0.10830351818723911,0.10830351818723911,22,2017,0,-1,-0.9641669335568628,-0.09210219322960872
2017-07-31,Arthur River,August,4,NA,NA,3,18,68.19,0.6819,0.7994436528936835,0.7994436528936835,36,2017,0,-1,-0.9641669335568628,-0.10203351506466113
2017-10-18,Tintinara,October,L2,1,3,1,18,46.40373,0.46403730000000004,0.5729157196108737,0.5729157196108737,36,2017,0,114,-0.6130139377256042,-0.11991971185506597
2018-09-22,Tintinara,September,K1,1,1,1,22,16.31,0.1631,0.24061943264355215,0.24061943264355215,44,2018,1,453,0.4221240238987147,-0.1275093061913432
2017-09-28,Arthur River,September,2,NA,NA,1,6,44.33,0.44329999999999997,0.5640637888369535,0.5640637888369535,12,2017,0,58,-0.7840101791738692,-0.13284261944363665
2019-07-05,Arthur River,July,10,NA,NA,1,20,59,0.59,0.7460684341717653,0.7460684341717653,40,2019,2,703,1.1855001017927551,-0.14681442717393822
2017-10-18,Tintinara,October,A3,1,1,1,49,17.74102,0.1774102,0.29393996601850103,0.29393996601850103,98,2017,0,114,-0.6130139377256042,-0.1602699184265861
2017-07-31,Arthur River,August,9,NA,NA,3,13,79.25,0.7925,1,1,26,2017,0,-1,-0.9641669335568628,-0.16848257214822956
2018-07-25,Arthur River,July,4,NA,0,1,40,71.62,0.7162000000000001,0.91366731517509725,0.91366731517509725,80,2018,1,358,0.13204111429897933,-0.1685689759979208
2017-10-18,Tintinara,October,I3,1,1,1,25,22.83813,0.2283813,0.37187625092926174,0.37187625092926174,50,2017,0,114,-0.6130139377256042,-0.17810016007014837
2018-10-11,Arthur River,October,1,NA,NA,1,18,35.53,0.3553,0.5275404232943341,0.5275404232943341,36,2018,1,436,0.37021445060191993,-0.1886001722504229
2017-10-18,Tintinara,October,E3,1,4,1,18,25.11246,0.2511246,0.46403997972043165,0.46403997972043165,36,2017,0,114,-0.6130139377256042,-0.23671804118067352
2017-07-31,Arthur River,August,10,NA,NA,2,15,56.39,0.5639,0.9713074418956772,0.9713074418956772,30,2017,0,-1,-0.9641669335568628,-0.3717530803072513
2017-06-27,Tintinara,June,D1,1,1,1,50,38.85796,0.38857959999999997,1,1,100,2017,0,1,-0.9580599249337104,-0.5724029721482295
2017-07-31,Arthur River,August,10,NA,NA,4,7,26.4,0.264,1,1,14,2017,0,-1,-0.9641669335568628,-0.6969825721482296
